{
  "built_with": "ProMod3 3.2.1",
  "coverage": 0.9166666865348816,
  "excluded_ligands": [
    {
      "description": "RETINAL",
      "ligands": [
        {
          "exclusion_reason": "Binding site not conserved.",
          "number": "1"
        }
      ],
      "name": "RET"
    }
  ],
  "gmqe": 0.6988128506194822,
  "included_ligands": [],
  "json_version": "0.1",
  "major_issues": null,
  "model_id": "04",
  "oligo_based_on": "monomer",
  "oligo_state": "monomer",
  "pdb_release": "2022-08-19",
  "project_title": "wt-phlip",
  "qmean_global": {
    "acc_agreement_norm_score": 0.2727272727272727,
    "acc_agreement_z_score": -3.6290021042432135,
    "avg_local_score": 0.7038480101334105,
    "avg_local_score_error": 0.115,
    "cbeta_norm_score": -0.02752663232123239,
    "cbeta_z_score": 0.20231055222016164,
    "interaction_norm_score": -0.03618513054750634,
    "interaction_z_score": -0.07834627506582793,
    "packing_norm_score": -0.22078141316094183,
    "packing_z_score": -0.649209545590783,
    "qmean4_norm_score": 0.645598165083489,
    "qmean4_z_score": -0.9801168399542527,
    "qmean6_norm_score": 0.6206254286372328,
    "qmean6_z_score": -0.9847815964691298,
    "ss_agreement_norm_score": 0.7627359398386695,
    "ss_agreement_z_score": 0.7006667919799672,
    "torsion_norm_score": 0.05476183576734159,
    "torsion_z_score": -1.0718254454936285
  },
  "sequence_identity": 96.96969604492188,
  "sequence_similarity": 0.6202020645141602,
  "smtl_version": "2022-08-24",
  "status": "COMPLETED",
  "targets": [
    {
      "model_chains": [
        {
          "dssp": "--CCCCCCTHHHHHHHHHHHHHHHHHHHHTTCCCC",
          "id": "A",
          "qmean": [
            null,
            null,
            0.68,
            0.74,
            0.45,
            0.5,
            0.57,
            0.62,
            0.62,
            0.66,
            0.65,
            0.66,
            0.7,
            0.73,
            0.73,
            0.73,
            0.73,
            0.79,
            0.8,
            0.75,
            0.78,
            0.8,
            0.81,
            0.82,
            0.77,
            0.75,
            0.76,
            0.73,
            0.7,
            0.69,
            0.69,
            0.7,
            0.64,
            0.76,
            0.74,
            null
          ],
          "residue_from": "3",
          "residue_to": "35",
          "templates": [
            {
              "alignment": {
                "target_sequence": "ACEQNPIYWARYADWLFTTPLLLLDLALLVDADEGT",
                "template_sequence": "--EQNPIYWARYADWLFTTPLLLLDLALLVDADQG-"
              },
              "coverage": 0.9166666865348816,
              "description": "bacteriorhodopsin",
              "found_by": "HHblits",
              "gmqe": 0.7493541836738586,
              "method": "X-RAY DIFFRACTION",
              "offset": 69,
              "oligo_state": "monomer",
              "qualified_name": "1s53.1.A",
              "resolution": 2.0,
              "sequence_identity": 96.96969604492188,
              "sequence_similarity": 0.6202020645141602,
              "short_method": "X-ray",
              "title": "Thr46Ser Bacteriorhodopsin"
            }
          ]
        }
      ],
      "target_sequence": "ACEQNPIYWARYADWLFTTPLLLLDLALLVDADEGT",
      "target_sequence_annotations": {
        "psipred": "CCCCCCEEHHHHHHHHHHHHHHHHHHHHHHCCCCCC"
      }
    }
  ]
}