{
  "built_with": "ProMod3 3.2.1",
  "coverage": 0.9166666865348816,
  "excluded_ligands": [
    {
      "description": "RETINAL",
      "ligands": [
        {
          "exclusion_reason": "Binding site not conserved.",
          "number": "1"
        }
      ],
      "name": "RET"
    }
  ],
  "gmqe": 0.6998323636634737,
  "included_ligands": [],
  "json_version": "0.1",
  "major_issues": null,
  "model_id": "03",
  "oligo_based_on": "monomer",
  "oligo_state": "monomer",
  "pdb_release": "2022-08-19",
  "project_title": "wt-phlip",
  "qmean_global": {
    "acc_agreement_norm_score": 0.2727272727272727,
    "acc_agreement_z_score": -3.6290021042432135,
    "avg_local_score": 0.7031966243732837,
    "avg_local_score_error": 0.115,
    "cbeta_norm_score": -0.023743657094817006,
    "cbeta_z_score": -0.05407182808862074,
    "interaction_norm_score": -0.03719034892002803,
    "interaction_z_score": -0.04127453608520515,
    "packing_norm_score": -0.2329589114524424,
    "packing_z_score": -0.587765441620217,
    "qmean4_norm_score": 0.6571511587213933,
    "qmean4_z_score": -0.8822004017154875,
    "qmean6_norm_score": 0.6286897225947047,
    "qmean6_z_score": -0.9259301620268321,
    "ss_agreement_norm_score": 0.7660796366857759,
    "ss_agreement_z_score": 0.7095064266003405,
    "torsion_norm_score": 0.007950503547708022,
    "torsion_z_score": -0.8874059007446052
  },
  "sequence_identity": 96.96969604492188,
  "sequence_similarity": 0.6202020645141602,
  "smtl_version": "2022-08-24",
  "status": "COMPLETED",
  "targets": [
    {
      "model_chains": [
        {
          "dssp": "--CCCCCCTHHHHHHHHHHHHHHHHHHHHHTCCCC",
          "id": "A",
          "qmean": [
            null,
            null,
            0.67,
            0.74,
            0.49,
            0.52,
            0.57,
            0.61,
            0.62,
            0.65,
            0.65,
            0.66,
            0.7,
            0.72,
            0.72,
            0.72,
            0.73,
            0.79,
            0.8,
            0.75,
            0.78,
            0.8,
            0.81,
            0.81,
            0.77,
            0.75,
            0.76,
            0.73,
            0.7,
            0.7,
            0.69,
            0.7,
            0.63,
            0.74,
            0.73,
            null
          ],
          "residue_from": "3",
          "residue_to": "35",
          "templates": [
            {
              "alignment": {
                "target_sequence": "ACEQNPIYWARYADWLFTTPLLLLDLALLVDADEGT",
                "template_sequence": "--EQNPIYWARYADWLFTTPLLLLDLALLVDADQG-"
              },
              "coverage": 0.9166666865348816,
              "description": "bacteriorhodopsin",
              "found_by": "HHblits",
              "gmqe": 0.7497279047966003,
              "method": "X-RAY DIFFRACTION",
              "offset": 69,
              "oligo_state": "monomer",
              "qualified_name": "1s51.1.A",
              "resolution": 2.0,
              "sequence_identity": 96.96969604492188,
              "sequence_similarity": 0.6202020645141602,
              "short_method": "X-ray",
              "title": "Thr24Ser Bacteriorhodopsin"
            }
          ]
        }
      ],
      "target_sequence": "ACEQNPIYWARYADWLFTTPLLLLDLALLVDADEGT",
      "target_sequence_annotations": {
        "psipred": "CCCCCCEEHHHHHHHHHHHHHHHHHHHHHHCCCCCC"
      }
    }
  ]
}