{
  "built_with": "ProMod3 3.2.1",
  "coverage": 0.9166666865348816,
  "excluded_ligands": [
    {
      "description": "RETINAL",
      "ligands": [
        {
          "exclusion_reason": "Binding site not conserved.",
          "number": "1"
        }
      ],
      "name": "RET"
    }
  ],
  "gmqe": 0.7026934014250887,
  "included_ligands": [],
  "json_version": "0.1",
  "major_issues": null,
  "model_id": "01",
  "oligo_based_on": "prediction",
  "oligo_state": "monomer",
  "pdb_release": "2022-08-19",
  "project_title": "wt-phlip",
  "qmean_global": {
    "acc_agreement_norm_score": 0.2727272727272727,
    "acc_agreement_z_score": -3.6290021042432135,
    "avg_local_score": 0.704848278293539,
    "avg_local_score_error": 0.115,
    "cbeta_norm_score": -0.028639710452895793,
    "cbeta_z_score": 0.2777468434421704,
    "interaction_norm_score": -0.03556714741738908,
    "interaction_z_score": -0.10113705358757742,
    "packing_norm_score": -0.22915165306943835,
    "packing_z_score": -0.6069757567710216,
    "qmean4_norm_score": 0.6449144933263327,
    "qmean4_z_score": -0.9859112431611889,
    "qmean6_norm_score": 0.6203609092041146,
    "qmean6_z_score": -0.9867120008118989,
    "ss_agreement_norm_score": 0.7660796366857759,
    "ss_agreement_z_score": 0.7095064266003405,
    "torsion_norm_score": 0.06820670686308937,
    "torsion_z_score": -1.1247933250458184
  },
  "sequence_identity": 96.96969604492188,
  "sequence_similarity": 0.6202020645141602,
  "smtl_version": "2022-08-24",
  "status": "COMPLETED",
  "targets": [
    {
      "model_chains": [
        {
          "dssp": "--CCCCCCTHHHHHHHHHHHHHHHHHHHHTTCCCC",
          "id": "A",
          "qmean": [
            null,
            null,
            0.68,
            0.74,
            0.45,
            0.48,
            0.58,
            0.62,
            0.62,
            0.64,
            0.65,
            0.67,
            0.7,
            0.73,
            0.73,
            0.73,
            0.74,
            0.8,
            0.8,
            0.75,
            0.79,
            0.8,
            0.81,
            0.81,
            0.77,
            0.75,
            0.75,
            0.73,
            0.7,
            0.7,
            0.7,
            0.7,
            0.65,
            0.76,
            0.74,
            null
          ],
          "residue_from": "3",
          "residue_to": "35",
          "templates": [
            {
              "alignment": {
                "target_sequence": "ACEQNPIYWARYADWLFTTPLLLLDLALLVDADEGT",
                "template_sequence": "--EQNPIYWARYADWLFTTPLLLLDLALLVDADQG-"
              },
              "coverage": 0.9166666865348816,
              "description": "Bacteriorhodopsin",
              "found_by": "HHblits",
              "gmqe": 0.7507491111755371,
              "method": "X-RAY DIFFRACTION",
              "offset": 73,
              "oligo_state": "monomer",
              "qualified_name": "3coc.1.A",
              "resolution": 2.309999942779541,
              "sequence_identity": 96.96969604492188,
              "sequence_similarity": 0.6202020645141602,
              "short_method": "X-ray",
              "title": "Crystal Structure of D115A mutant of Bacteriorhodopsin"
            }
          ]
        }
      ],
      "target_sequence": "ACEQNPIYWARYADWLFTTPLLLLDLALLVDADEGT",
      "target_sequence_annotations": {
        "psipred": "CCCCCCEEHHHHHHHHHHHHHHHHHHHHHHCCCCCC"
      }
    }
  ]
}