{
  "built_with": "ProMod3 3.2.1",
  "coverage": 0.9166666865348816,
  "excluded_ligands": [
    {
      "description": "RETINAL",
      "ligands": [
        {
          "exclusion_reason": "Binding site not conserved.",
          "number": "1"
        }
      ],
      "name": "RET"
    }
  ],
  "gmqe": 0.7053973052793199,
  "included_ligands": [],
  "json_version": "0.1",
  "major_issues": null,
  "model_id": "02",
  "oligo_based_on": "monomer",
  "oligo_state": "monomer",
  "pdb_release": "2022-08-19",
  "project_title": "wt-phlip",
  "qmean_global": {
    "acc_agreement_norm_score": 0.2727272727272727,
    "acc_agreement_z_score": -3.6290021042432135,
    "avg_local_score": 0.715275710597259,
    "avg_local_score_error": 0.115,
    "cbeta_norm_score": -0.02576391827484082,
    "cbeta_z_score": 0.08284669217108906,
    "interaction_norm_score": -0.038644981062547726,
    "interaction_z_score": 0.012371263249954403,
    "packing_norm_score": -0.24159501416778023,
    "packing_z_score": -0.5441901866343823,
    "qmean4_norm_score": 0.6467261949747605,
    "qmean4_z_score": -0.9705563162803039,
    "qmean6_norm_score": 0.6199129172136955,
    "qmean6_z_score": -0.9899813473156182,
    "ss_agreement_norm_score": 0.7660796366857759,
    "ss_agreement_z_score": 0.7095064266003405,
    "torsion_norm_score": 0.057969054889640416,
    "torsion_z_score": -1.084460716963143
  },
  "sequence_identity": 96.96969604492188,
  "sequence_similarity": 0.6202020645141602,
  "smtl_version": "2022-08-24",
  "status": "COMPLETED",
  "targets": [
    {
      "model_chains": [
        {
          "dssp": "--CCCCCCTHHHHHHHHHHHHHHHHHHHHHTCCCC",
          "id": "A",
          "qmean": [
            null,
            null,
            0.66,
            0.74,
            0.49,
            0.53,
            0.58,
            0.62,
            0.62,
            0.65,
            0.66,
            0.67,
            0.7,
            0.73,
            0.73,
            0.74,
            0.75,
            0.81,
            0.81,
            0.76,
            0.8,
            0.81,
            0.82,
            0.83,
            0.79,
            0.77,
            0.77,
            0.75,
            0.72,
            0.72,
            0.71,
            0.72,
            0.64,
            0.75,
            0.74,
            null
          ],
          "residue_from": "3",
          "residue_to": "35",
          "templates": [
            {
              "alignment": {
                "target_sequence": "ACEQNPIYWARYADWLFTTPLLLLDLALLVDADEGT",
                "template_sequence": "--EQNPIYWARYADWLFTTPLLLLDLALLVDADQG-"
              },
              "coverage": 0.9166666865348816,
              "description": "bacteriorhodopsin",
              "found_by": "HHblits",
              "gmqe": 0.7504196763038635,
              "method": "X-RAY DIFFRACTION",
              "offset": 69,
              "oligo_state": "monomer",
              "qualified_name": "1s54.1.A",
              "resolution": 2.200000047683716,
              "sequence_identity": 96.96969604492188,
              "sequence_similarity": 0.6202020645141602,
              "short_method": "X-ray",
              "title": "Thr24Ala Bacteriorhodopsin"
            }
          ]
        }
      ],
      "target_sequence": "ACEQNPIYWARYADWLFTTPLLLLDLALLVDADEGT",
      "target_sequence_annotations": {
        "psipred": "CCCCCCEEHHHHHHHHHHHHHHHHHHHHHHCCCCCC"
      }
    }
  ]
}